gene,time,mean_expression
Xist,0,24164
Xist,4,20184.375
Xist,8,24609.285714285714
Zdbf2,0,533.5714285714286
Zdbf2,4,569.875
Zdbf2,8,496.14285714285717
