chromosome_name,Female,Male
X,3504.2746913580245,2497.3796296296296
Y,3,2116.98
